{
    "parent": "item/generated",
    "textures": {
        "layer0": "item/music_disc_11"
    },
    "overrides": [
        {
            "predicate": {
                "custom_model_data": 1
            },
            "model": "item/music_disc_dumbndegoneofeighttryhardninjadiggydiggyhole"
        },
        {
            "predicate": {
                "custom_model_data": 2
            },
            "model": "item/music_disc_royalbloodndegoneoffouroblivion"
        },
        {
            "predicate": {
                "custom_model_data": 3
            },
            "model": "item/music_disc_ultravomitndegoneofthreeeviermetal"
        },
        {
            "predicate": {
                "custom_model_data": 4
            },
            "model": "item/music_disc_royalbloodndegtwooffourtyphoons"
        },
        {
            "predicate": {
                "custom_model_data": 5
            },
            "model": "item/music_disc_ultravomitndegtwoofthreekammthaar"
        },
        {
            "predicate": {
                "custom_model_data": 6
            },
            "model": "item/music_disc_ultravomitndegthreeofthreetakoyaki"
        },
        {
            "predicate": {
                "custom_model_data": 7
            },
            "model": "item/music_disc_shymndegoneofonejesuismoi"
        },
        {
            "predicate": {
                "custom_model_data": 8
            },
            "model": "item/music_disc_moralpaniciindegoneoffivenothingbutthievesfutureproof"
        },
        {
            "predicate": {
                "custom_model_data": 9
            },
            "model": "item/music_disc_moralpaniciindegtwooffivenothingbutthievesifiwereyou"
        },
        {
            "predicate": {
                "custom_model_data": 10
            },
            "model": "item/music_disc_moralpaniciindegthreeoffivenothingbutthievesmiraclebaby"
        },
        {
            "predicate": {
                "custom_model_data": 11
            },
            "model": "item/music_disc_moralpaniciindegfouroffivenothingbutthievescenestrien"
        },
        {
            "predicate": {
                "custom_model_data": 12
            },
            "model": "item/music_disc_moralpaniciindegfiveoffivenothingbutthievesyourblood"
        },
        {
            "predicate": {
                "custom_model_data": 13
            },
            "model": "item/music_disc_dumbndegtwoofeighttryhardninjaawholeworldmadeforme"
        },
        {
            "predicate": {
                "custom_model_data": 14
            },
            "model": "item/music_disc_minecraftparodyndegoneofsixbradknauberdontmineatnightminecraftparody"
        },
        {
            "predicate": {
                "custom_model_data": 15
            },
            "model": "item/music_disc_minecraftparodyndegtwoofsixbradknaubertheminerminecraftparodyofthefighter"
        },
        {
            "predicate": {
                "custom_model_data": 16
            },
            "model": "item/music_disc_minecraftparodyndegthreeofsixtryhardninjaicametodigremastered"
        },
        {
            "predicate": {
                "custom_model_data": 17
            },
            "model": "item/music_disc_minecraftparodyndegfourofsixhelladonnablockbyblockbonustrackvideoversion"
        },
        {
            "predicate": {
                "custom_model_data": 18
            },
            "model": "item/music_disc_minecraftparodyndegfiveofsixmcjamsdiamondking"
        },
        {
            "predicate": {
                "custom_model_data": 19
            },
            "model": "item/music_disc_minecraftparodyndegsixofsixmrmeolathankyoufthansinglishanddamieloushavelle"
        },
        {
            "predicate": {
                "custom_model_data": 20
            },
            "model": "item/music_disc_zzccmxtpndegoneofonezeromaman"
        },
        {
            "predicate": {
                "custom_model_data": 21
            },
            "model": "item/music_disc_zzccmxtpndegtwoofonezerolaveriter"
        },
        {
            "predicate": {
                "custom_model_data": 22
            },
            "model": "item/music_disc_zzccmxtpndegthreeofonezerolostdizzy"
        },
        {
            "predicate": {
                "custom_model_data": 23
            },
            "model": "item/music_disc_zzccmxtpndegfourofonezeroviolettecitronnelle"
        },
        {
            "predicate": {
                "custom_model_data": 24
            },
            "model": "item/music_disc_zzccmxtpndegfiveofonezerolabagarre"
        },
        {
            "predicate": {
                "custom_model_data": 25
            },
            "model": "item/music_disc_zzccmxtpndegsixofonezeronmot"
        },
        {
            "predicate": {
                "custom_model_data": 26
            },
            "model": "item/music_disc_zzccmxtpndegsevenofonezerolightyouup"
        },
        {
            "predicate": {
                "custom_model_data": 27
            },
            "model": "item/music_disc_zzccmxtpndegeightofonezeroftg"
        },
        {
            "predicate": {
                "custom_model_data": 28
            },
            "model": "item/music_disc_zzccmxtpndegnineofonezeronoussommeslesdaftpunk"
        },
        {
            "predicate": {
                "custom_model_data": 29
            },
            "model": "item/music_disc_zzccmxtpndegonezeroofonezerodigdigdeepdeep"
        },
        {
            "predicate": {
                "custom_model_data": 30
            },
            "model": "item/music_disc_horsebloodndegoneoffivejudgebitchtrashpandas"
        },
        {
            "predicate": {
                "custom_model_data": 31
            },
            "model": "item/music_disc_horsebloodndegtwooffivejudgebitchburner"
        },
        {
            "predicate": {
                "custom_model_data": 32
            },
            "model": "item/music_disc_horsebloodndegthreeoffivejudgebitchanimalweapons"
        },
        {
            "predicate": {
                "custom_model_data": 33
            },
            "model": "item/music_disc_horsebloodndegfouroffivejudgebitchvandal"
        },
        {
            "predicate": {
                "custom_model_data": 34
            },
            "model": "item/music_disc_horsebloodndegfiveoffivejudgebitchhorseblood"
        },
        {
            "predicate": {
                "custom_model_data": 35
            },
            "model": "item/music_disc_nascensndegoneofthreemeganekospacemagic"
        },
        {
            "predicate": {
                "custom_model_data": 36
            },
            "model": "item/music_disc_nascensndegtwoofthreemeganekocloudscapearchitect"
        },
        {
            "predicate": {
                "custom_model_data": 37
            },
            "model": "item/music_disc_nascensndegthreeofthreemeganekovelocity"
        },
        {
            "predicate": {
                "custom_model_data": 38
            },
            "model": "item/music_disc_unlikeplutondegoneofoneoneifitsvengeanceyouwant"
        },
        {
            "predicate": {
                "custom_model_data": 39
            },
            "model": "item/music_disc_unlikeplutondegtwoofoneoneimnotsurprised"
        },
        {
            "predicate": {
                "custom_model_data": 40
            },
            "model": "item/music_disc_unlikeplutondegthreeofoneoneharlequin"
        },
        {
            "predicate": {
                "custom_model_data": 41
            },
            "model": "item/music_disc_unlikeplutondegfourofoneonedigitaljunkie"
        },
        {
            "predicate": {
                "custom_model_data": 42
            },
            "model": "item/music_disc_unlikeplutondegfiveofoneonethatswhatshesaid"
        },
        {
            "predicate": {
                "custom_model_data": 43
            },
            "model": "item/music_disc_unlikeplutondegsixofoneonenicotineftjoannajones"
        },
        {
            "predicate": {
                "custom_model_data": 44
            },
            "model": "item/music_disc_unlikeplutondegsevenofoneonenoscrubs"
        },
        {
            "predicate": {
                "custom_model_data": 45
            },
            "model": "item/music_disc_unlikeplutondegeightofoneonebelladonna"
        },
        {
            "predicate": {
                "custom_model_data": 46
            },
            "model": "item/music_disc_unlikeplutondegnineofoneonebetterlucknextlife"
        },
        {
            "predicate": {
                "custom_model_data": 47
            },
            "model": "item/music_disc_unlikeplutondegonezeroofoneonemorphine"
        },
        {
            "predicate": {
                "custom_model_data": 48
            },
            "model": "item/music_disc_unlikeplutondegoneoneofoneonenorainbowsinthedesert"
        },
        {
            "predicate": {
                "custom_model_data": 49
            },
            "model": "item/music_disc_carbonetoxiquendegoneoffivethetoxicavengernocoffinfortwo"
        },
        {
            "predicate": {
                "custom_model_data": 50
            },
            "model": "item/music_disc_carbonetoxiquendegtwooffivethetoxicavengertoseetheworldthroughanartificialeye"
        },
        {
            "predicate": {
                "custom_model_data": 51
            },
            "model": "item/music_disc_carbonetoxiquendegthreeoffivethetoxicavengernorikoschildren"
        },
        {
            "predicate": {
                "custom_model_data": 52
            },
            "model": "item/music_disc_carbonetoxiquendegfouroffivethetoxicavengertheshore"
        },
        {
            "predicate": {
                "custom_model_data": 53
            },
            "model": "item/music_disc_carbonetoxiquendegfiveoffivethetoxicavengereightsevensix"
        },
        {
            "predicate": {
                "custom_model_data": 54
            },
            "model": "item/music_disc_collectorroundabouttwozerozerothreeremaster"
        },
        {
            "predicate": {
                "custom_model_data": 55
            },
            "model": "item/music_disc_darrenkorbnoescape"
        },
        {
            "predicate": {
                "custom_model_data": 56
            },
            "model": "item/music_disc_darrenkorbcoasting"
        },
        {
            "predicate": {
                "custom_model_data": 57
            },
            "model": "item/music_disc_gabrypontethunder"
        },
        {
            "predicate": {
                "custom_model_data": 58
            },
            "model": "item/music_disc_katanazerondegoneoffivekatanazeroostversion"
        },
        {
            "predicate": {
                "custom_model_data": 59
            },
            "model": "item/music_disc_katanazerondegtwooffivechinatown"
        },
        {
            "predicate": {
                "custom_model_data": 60
            },
            "model": "item/music_disc_katanazerondegthreeoffivedelusivebunker"
        },
        {
            "predicate": {
                "custom_model_data": 61
            },
            "model": "item/music_disc_katanazerondegfouroffivefullconfession"
        },
        {
            "predicate": {
                "custom_model_data": 62
            },
            "model": "item/music_disc_katanazerondegfiveoffivehitthefloor"
        },
        {
            "predicate": {
                "custom_model_data": 63
            },
            "model": "item/music_disc_madeonndegoneofthreetheprince"
        },
        {
            "predicate": {
                "custom_model_data": 64
            },
            "model": "item/music_disc_madeonndegtwoofthreenofearnomore"
        },
        {
            "predicate": {
                "custom_model_data": 65
            },
            "model": "item/music_disc_madeonndegthreeofthreethecity"
        },
        {
            "predicate": {
                "custom_model_data": 66
            },
            "model": "item/music_disc_royalbloodndegthreeoffourtroublescoming"
        },
        {
            "predicate": {
                "custom_model_data": 67
            },
            "model": "item/music_disc_royalbloodndegfouroffourboilermaker"
        },
        {
            "predicate": {
                "custom_model_data": 68
            },
            "model": "item/music_disc_collectortheblackkeysweightoflove"
        },
        {
            "predicate": {
                "custom_model_data": 69
            },
            "model": "item/music_disc_collectorchrisisaakbluehotelremastered"
        },
        {
            "predicate": {
                "custom_model_data": 70
            },
            "model": "item/music_disc_collectorcarpenterbrutturbokiller"
        },
        {
            "predicate": {
                "custom_model_data": 71
            },
            "model": "item/music_disc_collectorlinkinparkhandsheldhigh"
        },
        {
            "predicate": {
                "custom_model_data": 72
            },
            "model": "item/music_disc_collectorredhotchilipeppersdanicalifornia"
        },
        {
            "predicate": {
                "custom_model_data": 73
            },
            "model": "item/music_disc_casseursflowtersndegoneofsixonefivehzerotworegardecommeilfaitbeaudehors"
        },
        {
            "predicate": {
                "custom_model_data": 74
            },
            "model": "item/music_disc_casseursflowtersndegtwoofsixonefivehfourfivestupidestupidestupide"
        },
        {
            "predicate": {
                "custom_model_data": 75
            },
            "model": "item/music_disc_casseursflowtersndegthreeofsixoneeighththreezerobloque"
        },
        {
            "predicate": {
                "custom_model_data": 76
            },
            "model": "item/music_disc_casseursflowtersndegfourofsixoneninehtwosixlamortdudisque"
        },
        {
            "predicate": {
                "custom_model_data": 77
            },
            "model": "item/music_disc_casseursflowtersndegfiveofsixalheureoujemecouche"
        },
        {
            "predicate": {
                "custom_model_data": 78
            },
            "model": "item/music_disc_casseursflowtersndegsixofsixinacheves"
        },
        {
            "predicate": {
                "custom_model_data": 79
            },
            "model": "item/music_disc_collectorpurereasonrevolutioneupnea"
        },
        {
            "predicate": {
                "custom_model_data": 80
            },
            "model": "item/music_disc_fixationndegoneoffourneurosis"
        },
        {
            "predicate": {
                "custom_model_data": 81
            },
            "model": "item/music_disc_fixationndegtwooffoursurvive"
        },
        {
            "predicate": {
                "custom_model_data": 82
            },
            "model": "item/music_disc_fixationndegthreeoffourbloodline"
        },
        {
            "predicate": {
                "custom_model_data": 83
            },
            "model": "item/music_disc_fixationndegfouroffourwhatwehavedone"
        },
        {
            "predicate": {
                "custom_model_data": 84
            },
            "model": "item/music_disc_leagueoflegendsndegoneofoneonepentakilltearofthegoddess"
        },
        {
            "predicate": {
                "custom_model_data": 85
            },
            "model": "item/music_disc_leagueoflegendsndegtwoofoneonerise"
        },
        {
            "predicate": {
                "custom_model_data": 86
            },
            "model": "item/music_disc_leagueoflegendsndegthreeofoneonetakeover"
        },
        {
            "predicate": {
                "custom_model_data": 87
            },
            "model": "item/music_disc_leagueoflegendsndegfourofoneonekdamore"
        },
        {
            "predicate": {
                "custom_model_data": 88
            },
            "model": "item/music_disc_leagueoflegendsndegfiveofoneonekdapopstars"
        },
        {
            "predicate": {
                "custom_model_data": 89
            },
            "model": "item/music_disc_leagueoflegendsndegsixofoneonekdathebaddest"
        },
        {
            "predicate": {
                "custom_model_data": 90
            },
            "model": "item/music_disc_leagueoflegendsndegsevenofoneonetruedamagegiants"
        },
        {
            "predicate": {
                "custom_model_data": 91
            },
            "model": "item/music_disc_leagueoflegendsndegeightofoneonephoenixcarpenterbrutremix"
        },
        {
            "predicate": {
                "custom_model_data": 92
            },
            "model": "item/music_disc_leagueoflegendsndegnineofoneonebeamillerplaygroundfromtheseriesarcaneleagueoflegends"
        },
        {
            "predicate": {
                "custom_model_data": 93
            },
            "model": "item/music_disc_leagueoflegendsndegonezeroofoneonepvrissnakesfromtheseriesarcaneleagueoflegends"
        },
        {
            "predicate": {
                "custom_model_data": 94
            },
            "model": "item/music_disc_leagueoflegendsndegoneoneofoneoneburnitalldown"
        },
        {
            "predicate": {
                "custom_model_data": 95
            },
            "model": "item/music_disc_ghostdatandegoneofsevenvoidwalker"
        },
        {
            "predicate": {
                "custom_model_data": 96
            },
            "model": "item/music_disc_ghostdatandegtwoofseveninhuman"
        },
        {
            "predicate": {
                "custom_model_data": 97
            },
            "model": "item/music_disc_ghostdatandegthreeofsevenfemmefatale"
        },
        {
            "predicate": {
                "custom_model_data": 98
            },
            "model": "item/music_disc_ghostdatandegfourofsevenbecomegod"
        },
        {
            "predicate": {
                "custom_model_data": 99
            },
            "model": "item/music_disc_ghostdatandegfiveofseventheblackwidow"
        },
        {
            "predicate": {
                "custom_model_data": 100
            },
            "model": "item/music_disc_ghostdatandegsixofseventextlogritual"
        },
        {
            "predicate": {
                "custom_model_data": 101
            },
            "model": "item/music_disc_ghostdatandegsevenofsevengodsoftheartificial"
        },
        {
            "predicate": {
                "custom_model_data": 102
            },
            "model": "item/music_disc_girlinredndegoneofonezeroserotonin"
        },
        {
            "predicate": {
                "custom_model_data": 103
            },
            "model": "item/music_disc_girlinredndegtwoofonezerodidyoucome"
        },
        {
            "predicate": {
                "custom_model_data": 104
            },
            "model": "item/music_disc_girlinredndegthreeofonezerobodyandmind"
        },
        {
            "predicate": {
                "custom_model_data": 105
            },
            "model": "item/music_disc_girlinredndegfourofonezerohornylovesickmess"
        },
        {
            "predicate": {
                "custom_model_data": 106
            },
            "model": "item/music_disc_girlinredndegfiveofonezeromidnightlove"
        },
        {
            "predicate": {
                "custom_model_data": 107
            },
            "model": "item/music_disc_girlinredndegsixofonezeroyoustupidbitch"
        },
        {
            "predicate": {
                "custom_model_data": 108
            },
            "model": "item/music_disc_girlinredndegsevenofonezerorue"
        },
        {
            "predicate": {
                "custom_model_data": 109
            },
            "model": "item/music_disc_girlinredndegeightofonezeroapartmentfourzerotwo"
        },
        {
            "predicate": {
                "custom_model_data": 110
            },
            "model": "item/music_disc_girlinredndegnineofonezero"
        },
        {
            "predicate": {
                "custom_model_data": 111
            },
            "model": "item/music_disc_girlinredndegonezeroofonezeroillcallyoumine"
        },
        {
            "predicate": {
                "custom_model_data": 112
            },
            "model": "item/music_disc_fablendegoneofonezeromakoparable"
        },
        {
            "predicate": {
                "custom_model_data": 113
            },
            "model": "item/music_disc_fablendegtwoofonezeromakocoyote"
        },
        {
            "predicate": {
                "custom_model_data": 114
            },
            "model": "item/music_disc_fablendegthreeofonezeromakoperegrine"
        },
        {
            "predicate": {
                "custom_model_data": 115
            },
            "model": "item/music_disc_fablendegfourofonezeromakomurder"
        },
        {
            "predicate": {
                "custom_model_data": 116
            },
            "model": "item/music_disc_fablendegfiveofonezeromakobreathe"
        },
        {
            "predicate": {
                "custom_model_data": 117
            },
            "model": "item/music_disc_fablendegsixofonezeromakochameleon"
        },
        {
            "predicate": {
                "custom_model_data": 118
            },
            "model": "item/music_disc_fablendegsevenofonezeromakorollercoaster"
        },
        {
            "predicate": {
                "custom_model_data": 119
            },
            "model": "item/music_disc_fablendegeightofonezeromakoocelot"
        },
        {
            "predicate": {
                "custom_model_data": 120
            },
            "model": "item/music_disc_fablendegnineofonezeromakoagain"
        },
        {
            "predicate": {
                "custom_model_data": 121
            },
            "model": "item/music_disc_fablendegonezeroofonezeromakothewagon"
        },
        {
            "predicate": {
                "custom_model_data": 122
            },
            "model": "item/music_disc_danterminusndegoneoffiveoubliette"
        },
        {
            "predicate": {
                "custom_model_data": 123
            },
            "model": "item/music_disc_danterminusndegtwooffiverequiem"
        },
        {
            "predicate": {
                "custom_model_data": 124
            },
            "model": "item/music_disc_danterminusndegthreeoffiveruins"
        },
        {
            "predicate": {
                "custom_model_data": 125
            },
            "model": "item/music_disc_danterminusndegfouroffivemarch"
        },
        {
            "predicate": {
                "custom_model_data": 126
            },
            "model": "item/music_disc_danterminusndegfiveoffiveexcalibur"
        },
        {
            "predicate": {
                "custom_model_data": 127
            },
            "model": "item/music_disc_blurryfacendegoneofonezerotwentyonepilotsheavydirtysoul"
        },
        {
            "predicate": {
                "custom_model_data": 128
            },
            "model": "item/music_disc_blurryfacendegtwoofonezerotwentyonepilotsstressedout"
        },
        {
            "predicate": {
                "custom_model_data": 129
            },
            "model": "item/music_disc_blurryfacendegthreeofonezerotwentyonepilotsride"
        },
        {
            "predicate": {
                "custom_model_data": 130
            },
            "model": "item/music_disc_blurryfacendegfourofonezerotwentyonepilotsfairlylocal"
        },
        {
            "predicate": {
                "custom_model_data": 131
            },
            "model": "item/music_disc_blurryfacendegfiveofonezerotwentyonepilotstearinmyheart"
        },
        {
            "predicate": {
                "custom_model_data": 132
            },
            "model": "item/music_disc_blurryfacendegsixofonezerotwentyonepilotslaneboy"
        },
        {
            "predicate": {
                "custom_model_data": 133
            },
            "model": "item/music_disc_blurryfacendegsevenofonezerotwentyonepilotsthejudge"
        },
        {
            "predicate": {
                "custom_model_data": 134
            },
            "model": "item/music_disc_blurryfacendegeightofonezerotwentyonepilotsdoubt"
        },
        {
            "predicate": {
                "custom_model_data": 135
            },
            "model": "item/music_disc_blurryfacendegnineofonezerotwentyonepilotspolarize"
        },
        {
            "predicate": {
                "custom_model_data": 136
            },
            "model": "item/music_disc_blurryfacendegonezeroofonezerotwentyonepilotshometown"
        },
        {
            "predicate": {
                "custom_model_data": 137
            },
            "model": "item/music_disc_oddchapndegoneofonetwoprohibition"
        },
        {
            "predicate": {
                "custom_model_data": 138
            },
            "model": "item/music_disc_oddchapndegtwoofonetworupture"
        },
        {
            "predicate": {
                "custom_model_data": 139
            },
            "model": "item/music_disc_oddchapndegthreeofonetwodowntothewire"
        },
        {
            "predicate": {
                "custom_model_data": 140
            },
            "model": "item/music_disc_oddchapndegfourofonetwohalloweenparty"
        },
        {
            "predicate": {
                "custom_model_data": 141
            },
            "model": "item/music_disc_oddchapndegfiveofonetwooddchapnotachanceptone"
        },
        {
            "predicate": {
                "custom_model_data": 142
            },
            "model": "item/music_disc_oddchapndegfiveofonetwooddchapnotachancepttwo"
        },
        {
            "predicate": {
                "custom_model_data": 143
            },
            "model": "item/music_disc_oddchapndegsevenofonetwoouterspace"
        },
        {
            "predicate": {
                "custom_model_data": 144
            },
            "model": "item/music_disc_oddchapndegeightofonetwomidnightsway"
        },
        {
            "predicate": {
                "custom_model_data": 145
            },
            "model": "item/music_disc_oddchapndegnineofonetwospook"
        },
        {
            "predicate": {
                "custom_model_data": 146
            },
            "model": "item/music_disc_oddchapndegonezeroofonetwodaynight"
        },
        {
            "predicate": {
                "custom_model_data": 147
            },
            "model": "item/music_disc_oddchapndegoneoneofonetwosecretagent"
        },
        {
            "predicate": {
                "custom_model_data": 148
            },
            "model": "item/music_disc_oddchapndegonetwoofonetwopolaroid"
        },
        {
            "predicate": {
                "custom_model_data": 149
            },
            "model": "item/music_disc_forestthemendegthreeofoneonepetermcconnellwhisperingrock"
        },
        {
            "predicate": {
                "custom_model_data": 150
            },
            "model": "item/music_disc_forestthemendegfourofoneonecalumbowentheswamp"
        },
        {
            "predicate": {
                "custom_model_data": 151
            },
            "model": "item/music_disc_forestthemendegfiveofoneonejoelcorelitzwoodypath"
        },
        {
            "predicate": {
                "custom_model_data": 152
            },
            "model": "item/music_disc_forestthemendegsixofoneoneallannaslundsecretoftheforestfromchronotrigger"
        },
        {
            "predicate": {
                "custom_model_data": 153
            },
            "model": "item/music_disc_forestthemendegsevenofoneonenintntforestofhopefrompikmin"
        },
        {
            "predicate": {
                "custom_model_data": 154
            },
            "model": "item/music_disc_forestthemendegeightofoneonekorokforest"
        },
        {
            "predicate": {
                "custom_model_data": 155
            },
            "model": "item/music_disc_forestthemendegnineofoneonemarksparlingsomewhereinthewoodsshorthike"
        },
        {
            "predicate": {
                "custom_model_data": 156
            },
            "model": "item/music_disc_forestthemendegonezeroofoneoneeternaforestflutepianoversion"
        },
        {
            "predicate": {
                "custom_model_data": 157
            },
            "model": "item/music_disc_forestthemendegoneoneofoneonesleepingphoenixkokiriforestwithrain"
        },
        {
            "predicate": {
                "custom_model_data": 158
            },
            "model": "item/music_disc_pokemonndegoneoffourgamechopslakeverityfrompokemondiamondpearl"
        },
        {
            "predicate": {
                "custom_model_data": 159
            },
            "model": "item/music_disc_pokemonndegtwooffourgamechopsrouteonefrompokemonsunmoon"
        },
        {
            "predicate": {
                "custom_model_data": 160
            },
            "model": "item/music_disc_russianndegoneoftwodjblyatmancykablyat"
        },
        {
            "predicate": {
                "custom_model_data": 161
            },
            "model": "item/music_disc_russianndegtwooftwothaehanboostedhardbass"
        },
        {
            "predicate": {
                "custom_model_data": 162
            },
            "model": "item/music_disc_popndegoneoftwomarinahowtobeaheartbreaker"
        },
        {
            "predicate": {
                "custom_model_data": 163
            },
            "model": "item/music_disc_popndegtwooftwokatyperrycaliforniagurls"
        },
        {
            "predicate": {
                "custom_model_data": 164
            },
            "model": "item/music_disc_rockndegoneofninenothingbutthieveslifescominginslowfromgranturismoseven"
        },
        {
            "predicate": {
                "custom_model_data": 165
            },
            "model": "item/music_disc_rockndegtwoofninenothingbutthievesunperson"
        },
        {
            "predicate": {
                "custom_model_data": 166
            },
            "model": "item/music_disc_rockndegthreeofninecassyettepetrichor"
        },
        {
            "predicate": {
                "custom_model_data": 167
            },
            "model": "item/music_disc_rockndegfourofninemiyavisamuraifourfive"
        },
        {
            "predicate": {
                "custom_model_data": 168
            },
            "model": "item/music_disc_rockndegfiveofninecallsecuritysmalltalk"
        },
        {
            "predicate": {
                "custom_model_data": 169
            },
            "model": "item/music_disc_rockndegsixofninealltimelowmonsters"
        },
        {
            "predicate": {
                "custom_model_data": 170
            },
            "model": "item/music_disc_rockndegsevenofninemaneskiniwannabeyourslave"
        },
        {
            "predicate": {
                "custom_model_data": 171
            },
            "model": "item/music_disc_rockndegeightofninebillytalentvikingdeathmarch"
        },
        {
            "predicate": {
                "custom_model_data": 172
            },
            "model": "item/music_disc_rockndegnineofninecruzhaimforthehead"
        },
        {
            "predicate": {
                "custom_model_data": 173
            },
            "model": "item/music_disc_gameostndegoneoffourcarheadlightsfanclubtitletheme"
        },
        {
            "predicate": {
                "custom_model_data": 174
            },
            "model": "item/music_disc_gameostndegtwooffourviolingameroverworldfromthelegendofzeldalinksawakening"
        },
        {
            "predicate": {
                "custom_model_data": 175
            },
            "model": "item/music_disc_gameostndegthreeoffourtheversionshomesweethomepollyannafromearthbound"
        },
        {
            "predicate": {
                "custom_model_data": 176
            },
            "model": "item/music_disc_dumbndegthreeofeightlemondemonbrodyquestcapsadminremix"
        },
        {
            "predicate": {
                "custom_model_data": 177
            },
            "model": "item/music_disc_dumbndegfourofeightebenbrooksheytherecthulhu"
        },
        {
            "predicate": {
                "custom_model_data": 178
            },
            "model": "item/music_disc_dumbndegfiveofeightjantwosleeveskissingtoadsagain"
        },
        {
            "predicate": {
                "custom_model_data": 179
            },
            "model": "item/music_disc_dumbndegsixofeightvalvestudioorchestrasoldierofdance"
        },
        {
            "predicate": {
                "custom_model_data": 180
            },
            "model": "item/music_disc_animendegoneofnineshounannokazegrandblue"
        },
        {
            "predicate": {
                "custom_model_data": 181
            },
            "model": "item/music_disc_animendegtwoofnineyoasobiyeniqukeru"
        },
        {
            "predicate": {
                "custom_model_data": 182
            },
            "model": "item/music_disc_animendegthreeofnineteddyloidmememeftdaoko"
        },
        {
            "predicate": {
                "custom_model_data": 183
            },
            "model": "item/music_disc_animendegfourofninemiliyahkonoyumegasamerumade"
        },
        {
            "predicate": {
                "custom_model_data": 184
            },
            "model": "item/music_disc_animendegfiveofninesidaominzaishoudaokuizhongwaritoshimarizhutigeshinogeendeingu"
        },
        {
            "predicate": {
                "custom_model_data": 185
            },
            "model": "item/music_disc_animendegsixofninejoehisaishiashitakasetsujiendeingu"
        },
        {
            "predicate": {
                "custom_model_data": 186
            },
            "model": "item/music_disc_animendegsevenofnineswordartonlineswordlandmaintheme"
        },
        {
            "predicate": {
                "custom_model_data": 187
            },
            "model": "item/music_disc_metalndegoneofeightgloryhammermastersofthegalaxy"
        },
        {
            "predicate": {
                "custom_model_data": 188
            },
            "model": "item/music_disc_metalndegtwoofeightgloryhammerriseofthechaoswizards"
        },
        {
            "predicate": {
                "custom_model_data": 189
            },
            "model": "item/music_disc_metalndegthreeofeightleahedgeofyoursword"
        },
        {
            "predicate": {
                "custom_model_data": 190
            },
            "model": "item/music_disc_metalndegfourofeightordenogancomewithmetotheotherside"
        },
        {
            "predicate": {
                "custom_model_data": 191
            },
            "model": "item/music_disc_metalndegfiveofeightcainsofferinganighttoforget"
        },
        {
            "predicate": {
                "custom_model_data": 192
            },
            "model": "item/music_disc_metalndegsixofeightbrothersofmetalrideofthevalkyries"
        },
        {
            "predicate": {
                "custom_model_data": 193
            },
            "model": "item/music_disc_metalndegsevenofeightsymphonyoftragedyriseagain"
        },
        {
            "predicate": {
                "custom_model_data": 194
            },
            "model": "item/music_disc_metalndegeightofeightpoetsofthefalllockingupthesun"
        },
        {
            "predicate": {
                "custom_model_data": 195
            },
            "model": "item/music_disc_metalcoversndegoneoffourstarryskyjdganimeopeninginstrumental"
        },
        {
            "predicate": {
                "custom_model_data": 196
            },
            "model": "item/music_disc_metalcoversndegtwooffourdanieltidwellblindinglightsmetalversion"
        },
        {
            "predicate": {
                "custom_model_data": 197
            },
            "model": "item/music_disc_metalcoversndegthreeoffourrichaadebithastobethiswayinstrumental"
        },
        {
            "predicate": {
                "custom_model_data": 198
            },
            "model": "item/music_disc_metalcoversndegfouroffourleopokemonthememetalversion"
        },
        {
            "predicate": {
                "custom_model_data": 199
            },
            "model": "item/music_disc_classicrockndegoneofthreesurvivoreyeofthetiger"
        },
        {
            "predicate": {
                "custom_model_data": 200
            },
            "model": "item/music_disc_classicrockndegtwoofthreedirestraitsmoneyfornothing"
        },
        {
            "predicate": {
                "custom_model_data": 201
            },
            "model": "item/music_disc_classicrockndegthreeofthreeamaralelbluesdelageneracionperdida"
        },
        {
            "predicate": {
                "custom_model_data": 202
            },
            "model": "item/music_disc_movieostndegoneoftwojohnwilliamsewokcelebrationandfinalefromstarwars"
        },
        {
            "predicate": {
                "custom_model_data": 203
            },
            "model": "item/music_disc_movieostndegtwooftwolondonmusicworksmainthemefrompoliceacademy"
        },
        {
            "predicate": {
                "custom_model_data": 204
            },
            "model": "item/music_disc_collectormarklindsaysilverbird"
        },
        {
            "predicate": {
                "custom_model_data": 205
            },
            "model": "item/music_disc_collectorbutterflyteadragontales"
        },
        {
            "predicate": {
                "custom_model_data": 206
            },
            "model": "item/music_disc_paradelouspowerslam"
        },
        {
            "predicate": {
                "custom_model_data": 207
            },
            "model": "item/music_disc_fourwarddeepinside"
        },
        {
            "predicate": {
                "custom_model_data": 208
            },
            "model": "item/music_disc_samhoughtonintoasgard"
        },
        {
            "predicate": {
                "custom_model_data": 209
            },
            "model": "item/music_disc_thomasgileshypoxia"
        },
        {
            "predicate": {
                "custom_model_data": 210
            },
            "model": "item/music_disc_oishiionigirifreeway"
        },
        {
            "predicate": {
                "custom_model_data": 211
            },
            "model": "item/music_disc_extraterramanormachine"
        },
        {
            "predicate": {
                "custom_model_data": 212
            },
            "model": "item/music_disc_vicetoneanimal"
        },
        {
            "predicate": {
                "custom_model_data": 213
            },
            "model": "item/music_disc_mickgordonndegoneofsevenriptear"
        },
        {
            "predicate": {
                "custom_model_data": 214
            },
            "model": "item/music_disc_mickgordonndegtwoofsevenatdoomsgate"
        },
        {
            "predicate": {
                "custom_model_data": 215
            },
            "model": "item/music_disc_mickgordonndegthreeofsevenbfgdivision"
        },
        {
            "predicate": {
                "custom_model_data": 216
            },
            "model": "item/music_disc_mickgordonndegfourofseveninferno"
        },
        {
            "predicate": {
                "custom_model_data": 217
            },
            "model": "item/music_disc_mickgordonndegfiveofsevenfaust"
        },
        {
            "predicate": {
                "custom_model_data": 218
            },
            "model": "item/music_disc_mickgordonndegsixofsevenrighttriggerwarning"
        },
        {
            "predicate": {
                "custom_model_data": 219
            },
            "model": "item/music_disc_mickgordonndegsevenofsevenharbinger"
        },
        {
            "predicate": {
                "custom_model_data": 220
            },
            "model": "item/music_disc_eurobeatndegoneofoneoneacepowerofsound"
        },
        {
            "predicate": {
                "custom_model_data": 221
            },
            "model": "item/music_disc_eurobeatndegtwoofoneoneriderofthesky"
        },
        {
            "predicate": {
                "custom_model_data": 222
            },
            "model": "item/music_disc_eurobeatndegthreeofoneonedaverodgersdejavu"
        },
        {
            "predicate": {
                "custom_model_data": 223
            },
            "model": "item/music_disc_animendegsevenofninehowheavyarethedumbbellsyouliftopeningonegaimuscle"
        },
        {
            "predicate": {
                "custom_model_data": 224
            },
            "model": "item/music_disc_dumbndegsevenofeightiswallowedshampoo"
        },
        {
            "predicate": {
                "custom_model_data": 225
            },
            "model": "item/music_disc_eurobeatndegfourofoneonekenblastthetop"
        },
        {
            "predicate": {
                "custom_model_data": 226
            },
            "model": "item/music_disc_eurobeatndegfiveofoneonemanuelgasgasgas"
        },
        {
            "predicate": {
                "custom_model_data": 227
            },
            "model": "item/music_disc_eurobeatndegsixofoneonemaxcoverirunningintheninezeros"
        },
        {
            "predicate": {
                "custom_model_data": 228
            },
            "model": "item/music_disc_eurobeatndegsevenofoneonemeganrgmanbackontherocks"
        },
        {
            "predicate": {
                "custom_model_data": 229
            },
            "model": "item/music_disc_eurobeatndegeightofoneonemickeybtakemysoul"
        },
        {
            "predicate": {
                "custom_model_data": 230
            },
            "model": "item/music_disc_eurobeatndegnineofoneonenikonightoffire"
        },
        {
            "predicate": {
                "custom_model_data": 231
            },
            "model": "item/music_disc_animendegnineofnineotomegamesekaiwafullopbykashitaroitoromaji"
        },
        {
            "predicate": {
                "custom_model_data": 232
            },
            "model": "item/music_disc_pokemonndegthreeoffourpokemondiamondpearlroutetwozeroninecover"
        },
        {
            "predicate": {
                "custom_model_data": 233
            },
            "model": "item/music_disc_forestthemendegoneofoneonepokemondiamondandpearleternaforestlofiremix"
        },
        {
            "predicate": {
                "custom_model_data": 234
            },
            "model": "item/music_disc_pokemonndegfouroffourroutetwozeroonedayremasteredpokemonbrilliantdiamondshiningpearl"
        },
        {
            "predicate": {
                "custom_model_data": 235
            },
            "model": "item/music_disc_eurobeatndegonezeroofoneonesymbolforeveryoung"
        },
        {
            "predicate": {
                "custom_model_data": 236
            },
            "model": "item/music_disc_forestthemendegtwoofoneonethelegendofzeldalostwoodschillremix"
        },
        {
            "predicate": {
                "custom_model_data": 237
            },
            "model": "item/music_disc_dumbndegeightofeightthemeofreallycoolbird"
        },
        {
            "predicate": {
                "custom_model_data": 238
            },
            "model": "item/music_disc_eurobeatndegoneoneofoneonetommykbreakthenight"
        }
    ]
}